Name,NameAlias,wyne,yellow,v_pale,pale,p_gold,gold,o_gold,f_gold,bronze,p_amber,amber,f_amber,red,sherry,Aroma,Peat,Sweet,Light,Fresh ,Dry,Fruit,Grass,Sea,Sherry,Spicy,Rich,soft,med,full,round,smooth,light,firm,oily,full,dry,sherry,big,light,smooth,clean,fruit,grass,smoke,sweet,spice,oil,salt,arome,full,dry,warm,big,light,smooth,clean,fruit,grass,smoke,sweet,spice,oil,salt,arome,ling,long,very,quick,Age,Dist,Score,Percentage,Region,DISTRICT,islay,midland,spey,east,west,north ,lowland,campbell,islands,Place,East,North
Aberfeldy,Aberfeldy,0,1,0,0,0,0,0,0,0,0,0,0,0,0,1,1,0,0,0,0,1,0,0,0,0,0,1,1,0,0,0,0,0,0,0,0,1,0,0,0,0,0,0,0,0,0,1,0,0,1,1,0,0,0,0,0,1,0,0,0,1,0,0,0,0,0,0,0,-9,2,69,40,HIGH,MIDLAND,0,1,0,0,0,0,0,0,0,Aberfeldy,3.875,56.62
Aberlour,Aberlour,0,0,0,0,0,0,0,0,0,0,0,0,1,0,0,0,1,0,0,0,0,0,0,0,0,1,1,1,1,1,1,0,0,0,1,0,1,0,0,0,0,1,0,0,1,1,0,0,0,0,0,0,0,0,0,1,0,0,0,0,0,0,0,0,1,0,0,0,12,4,83,43,HIGH,SPEY,0,0,1,0,0,0,0,0,0,Aberlour,3.22,57.46
Ardberg,Ardberg,0,0,0,0,0,0,0,0,0,0,0,0,0,1,0,1,0,0,0,1,0,0,1,0,0,0,0,1,1,0,0,1,1,0,0,0,0,0,0,0,0,0,0,0,1,0,0,0,0,0,0,0,0,0,0,0,0,0,0,0,0,0,1,0,0,0,0,0,10,4,85,40,ISLAY,SOUTH,1,0,0,0,0,0,0,0,0,Ardberg,6.08,55.64
Ardmore,Ardmore,0,0,0,0,1,0,0,0,0,0,0,0,0,0,0,0,1,0,0,0,0,1,0,1,0,0,0,0,1,0,0,0,0,0,0,0,0,1,0,0,0,0,1,0,1,0,0,0,0,0,0,0,1,0,0,0,0,0,0,0,0,0,0,0,0,0,0,0,18,2,66,46,HIGH,SPEY,0,0,1,0,0,0,0,0,0,Ardmore,2.67,57.32
Auchentoshan,Auchentosh,0,0,0,0,1,0,0,0,0,0,0,0,0,0,0,0,0,0,1,0,1,1,0,0,0,0,1,0,0,0,0,0,0,0,0,0,0,0,1,0,0,1,1,0,1,0,0,0,0,0,0,0,0,0,0,0,0,0,0,0,1,0,0,0,0,0,0,0,10,5,85,40,LOW,WEST,0,0,0,0,0,0,1,0,0,Auchentoshan,4.39,55.91
Aultmore,Aultmore,0,0,1,0,0,0,0,0,0,0,0,0,0,0,1,0,0,0,1,0,0,0,0,0,0,0,0,0,0,0,0,0,1,0,0,0,0,0,1,0,0,1,0,0,0,1,0,0,0,0,1,0,0,0,0,0,0,0,0,0,0,0,0,0,0,0,0,0,12,3,75,40,HIGH,SPEY,0,0,1,0,0,0,0,0,0,Aultmore,3.01,57.6
Balblair,Balblair,1,0,0,0,0,0,0,0,0,0,0,0,0,0,0,0,0,0,1,0,1,0,0,0,0,0,0,0,0,0,0,1,0,0,0,0,0,0,0,0,0,1,0,0,1,1,0,0,0,0,1,0,0,0,0,0,1,0,0,0,0,0,0,0,1,0,0,0,10,3,76,40,HIGH,NORTH,0,0,0,0,0,1,0,0,0,Balblair,4.17,57.83
Balmenach,Balmenach,0,0,0,0,1,0,0,0,0,0,0,0,0,0,1,1,1,0,0,0,1,1,0,0,0,0,1,1,0,0,1,1,0,0,0,1,0,0,0,0,0,0,0,0,1,0,0,0,0,0,0,0,0,0,0,0,0,0,0,0,0,0,0,0,0,1,0,0,-9,3,69,40,HIGH,SPEY,0,0,1,0,0,0,0,0,0,Balmenach,3.13,57.42
Balvenie,Balvenie,0,0,0,0,0,0,0,0,0,0,1,0,0,0,1,0,0,0,0,0,1,0,0,0,0,0,0,1,0,0,0,0,0,0,1,1,0,0,0,0,0,0,0,0,1,0,0,0,0,0,0,0,0,0,0,0,0,0,0,0,0,1,0,0,1,0,0,0,-9,4,85,40,HIGH,SPEY,0,0,1,0,0,0,0,0,0,Balvenie,3.1,57.45
Banff,Banff,0,0,0,0,0,0,0,1,0,0,0,0,0,0,1,1,0,0,0,0,0,0,0,0,0,0,0,1,0,0,0,0,0,0,0,0,0,0,0,0,1,0,0,1,1,0,0,0,0,0,0,0,0,0,0,1,0,0,0,0,1,0,0,0,0,0,0,0,-9,2,66,40,HIGH,SPEY,0,0,1,0,0,0,0,0,0,Banff,2.51,57.65
Ben Nevis,Ben Nevis,0,0,0,0,0,0,0,0,0,0,0,1,0,0,0,0,0,0,0,0,1,1,0,0,0,0,0,0,0,0,0,0,1,1,0,0,0,0,0,0,0,1,0,0,1,0,0,0,0,0,0,0,0,0,0,0,0,0,0,1,0,0,0,0,0,0,0,0,-9,1,55,40,HIGH,WEST,0,0,0,0,1,0,0,0,0,Ben Nevis,5.08,56.79
Benriach,Benriach,0,0,0,0,0,1,0,0,0,0,0,0,0,0,1,0,0,0,0,0,0,1,0,0,0,0,0,1,0,0,0,1,0,0,0,1,0,0,0,0,0,0,0,0,1,0,0,0,0,0,1,1,0,0,0,0,0,0,1,0,0,0,0,0,0,0,0,0,-9,3,69,40,HIGH,SPEY,0,0,1,0,0,0,0,0,0,Benriach,3.24,57.59
Benrinnes,Benrinnes,0,0,0,0,0,0,0,0,0,0,1,0,0,0,1,1,0,0,0,0,0,0,0,0,0,0,0,1,0,1,1,0,1,0,1,1,0,0,0,0,0,0,0,0,0,0,0,0,0,0,1,0,1,0,0,0,0,0,1,0,0,0,0,0,0,0,0,0,-9,3,78,40,HIGH,SPEY,0,0,1,0,0,0,0,0,0,Benrinnes,3.24,57.43
Benromach,Benromach,0,0,0,0,0,0,0,0,0,0,1,0,0,0,1,1,0,0,0,1,0,1,0,0,0,0,0,1,0,0,0,0,0,0,1,0,0,0,1,1,0,1,1,1,1,0,0,0,0,0,0,0,0,0,0,0,1,0,1,0,0,0,0,0,0,0,0,0,-9,3,75,40,HIGH,SPEY,0,0,1,0,0,0,0,0,0,Benromach,3.6,57.6
Bladnoch,Bladnoch,0,1,0,0,0,0,0,0,0,0,0,0,0,0,0,0,0,0,0,0,1,1,0,0,0,0,0,0,0,0,0,1,1,0,1,0,0,0,0,0,0,0,0,0,0,0,0,0,0,0,0,0,1,1,0,0,1,0,0,0,0,0,0,0,0,0,0,0,8,4,85,40,LOW ,BORDERS,0,0,0,0,0,0,1,0,0,Bladnoch,4.44,54.86
Blair Athol,Blair Atho,0,0,0,0,1,0,0,0,0,0,0,0,0,0,0,0,0,0,1,0,0,0,0,0,1,0,0,1,0,0,0,1,0,0,0,1,0,0,1,0,0,0,0,0,1,1,0,0,1,0,0,0,0,0,1,0,0,0,0,0,1,0,0,0,0,0,0,0,8,3,75,40,HIGH,MIDLAND,0,1,0,0,0,0,0,0,0,Blair Athol,3.74,56.72
Bowmore,Bowmore,0,0,0,0,0,0,1,0,0,0,0,0,0,0,0,1,0,0,0,1,0,1,1,0,0,0,0,1,0,0,0,1,0,0,0,0,0,0,0,0,0,0,0,0,1,0,0,0,0,0,0,0,0,0,0,0,0,0,0,0,0,0,1,0,0,0,0,1,10,4,81,40,ISLAY,LOCH,1,0,0,0,0,0,0,0,0,Bowmore,6.28,55.75
Brackla,Brackla,0,0,0,0,0,0,1,0,0,0,0,0,0,0,0,1,1,0,0,0,0,0,0,0,0,0,0,1,1,0,0,0,0,0,0,0,0,0,0,1,0,1,0,0,1,0,0,0,1,0,1,0,0,0,0,0,0,1,0,0,0,0,0,0,0,0,0,0,-9,3,77,40,HIGH,SPEY,0,0,1,0,0,0,0,0,0,Brackla,3.93,57.52
Bruichladdich,Bruichladd,0,0,0,1,0,0,0,0,0,0,0,0,0,0,0,0,0,1,0,0,0,0,0,0,0,0,0,0,0,0,1,1,1,0,0,1,0,0,0,0,1,0,0,1,1,0,0,0,0,1,0,0,0,0,0,0,0,0,0,0,0,0,0,0,0,0,0,0,10,3,76,40,ISLAY,LOCH,1,0,0,0,0,0,0,0,0,Bruichladdich,6.36,55.77
Bunnahabhain,Bunnahabha,0,0,0,0,0,1,0,0,0,0,0,0,0,0,0,0,0,0,1,0,0,0,1,0,0,0,0,1,0,0,0,1,1,0,0,0,0,0,0,0,1,1,0,0,1,0,0,0,0,1,0,0,0,0,0,0,0,0,0,0,0,0,0,0,0,0,0,0,12,3,77,40,ISLAY,NORTH,1,0,0,0,0,0,0,0,0,Bunnahabhain,6.14,55.89
Caol Ila,Caol Ila,1,0,0,0,0,0,0,0,0,0,0,0,0,0,0,1,0,0,0,0,1,0,1,0,0,0,0,0,0,0,0,1,1,1,0,0,0,0,0,0,0,0,0,1,0,1,0,0,0,0,0,1,0,0,0,0,0,0,0,0,1,0,0,0,0,0,0,0,12,4,77,40,ISLAY,NORTH,1,0,0,0,0,0,0,0,0,Caol Ila,6.12,55.85
Caperdonich,Caperdonic,0,0,0,0,0,0,0,1,0,0,0,0,0,0,1,1,0,0,0,0,0,0,0,0,0,0,0,1,0,0,0,1,0,0,0,0,0,0,0,0,0,1,0,0,1,0,0,0,0,0,0,1,0,0,0,0,0,0,1,0,0,0,0,0,1,0,0,0,-9,3,73,40,HIGH,SPEY,0,0,1,0,0,0,0,0,0,Caperdonich,3.19,57.53
Cardhu,Cardhu,0,0,0,1,0,0,0,0,0,0,0,0,0,0,1,1,0,1,0,0,0,0,0,0,0,0,0,0,0,0,1,1,0,0,0,0,0,0,1,0,0,0,0,0,1,0,0,0,0,0,1,0,0,0,0,0,0,0,1,1,0,1,0,0,1,0,0,0,12,3,72,40,HIGH,SPEY,0,0,1,0,0,0,0,0,0,Cardhu,3.33,57.46
Clynelish,Clynelish,0,0,0,0,0,0,0,0,0,0,1,0,0,0,0,0,0,0,0,0,0,0,1,0,0,0,0,0,1,0,0,0,0,1,1,0,0,0,0,0,0,0,1,0,1,1,0,1,0,0,0,0,0,0,0,0,0,0,0,0,1,0,0,0,1,0,0,0,12,4,81,40,HIGH,NORTH,0,0,0,0,0,1,0,0,0,Clynelish,3.87,58
Coleburn,Coleburn,0,0,0,0,1,0,0,0,0,0,0,0,0,0,0,0,0,0,0,1,1,1,0,0,0,0,0,0,0,0,0,1,0,1,0,1,0,0,0,0,0,1,0,1,1,0,0,0,1,0,0,0,0,0,0,0,0,0,0,0,0,0,0,0,0,0,0,1,-9,2,67,40,HIGH,SPEY,0,0,1,0,0,0,0,0,0,Coleburn,3.21,57.55
Convalmore,Convalmore,0,0,0,0,0,0,0,1,0,0,0,0,0,0,0,0,1,0,0,0,0,0,0,0,0,0,0,1,1,0,0,0,0,0,0,1,0,0,0,1,0,0,0,0,1,0,1,0,0,0,1,0,0,0,0,0,0,0,1,0,1,0,0,0,0,0,0,0,-9,2,68,40,HIGH,SPEY,0,0,1,0,0,0,0,0,0,Convalmore,3.12,57.46
Cragganmore,Cragganmor,0,0,0,0,0,1,0,0,0,0,0,0,0,0,1,0,1,0,0,0,0,1,0,0,0,1,0,1,0,0,1,1,1,0,0,0,0,0,0,0,1,0,1,0,0,0,0,0,0,0,0,0,0,0,0,0,0,0,0,0,0,0,0,0,0,1,0,0,12,4,90,40,HIGH,SPEY,0,0,1,0,0,0,0,0,0,Cragganmore,3.38,57.4
Craigellachie,Craigellac,0,0,0,0,0,0,0,1,0,0,0,0,0,0,1,1,1,0,0,1,1,0,0,0,0,0,0,1,0,0,0,0,0,0,0,0,0,0,0,0,0,1,0,0,1,0,0,0,0,0,0,0,1,0,0,0,0,0,0,0,0,0,0,0,0,0,0,0,-9,3,72,40,HIGH,SPEY,0,0,1,0,0,0,0,0,0,Craigellachie,3.19,57.48
Dailuaine,Dailuaine,0,0,0,0,0,1,0,0,0,0,0,0,0,0,1,0,1,0,0,1,0,0,0,1,0,0,0,1,1,0,0,0,0,0,0,0,0,0,0,0,0,1,0,0,1,0,1,0,0,0,0,0,0,0,0,0,0,1,0,0,0,0,0,0,0,0,0,0,-9,3,74,40,HIGH,SPEY,0,0,1,0,0,0,0,0,0,Dailuaine,3.26,57.45
Dallas Dhu,Dallas Dhu,0,0,0,0,0,0,0,0,0,0,0,1,0,0,0,1,1,0,0,0,0,1,0,0,0,1,0,0,1,0,0,0,0,0,0,0,0,0,0,0,0,0,0,1,1,0,0,0,0,0,1,0,0,0,1,0,0,1,0,0,0,0,0,0,0,1,0,0,-9,4,85,40,HIGH,SPEY,0,0,1,0,0,0,0,0,0,Dallas Dhu,3.47,57.55
Dalmore,Dalmore,0,0,0,0,0,0,0,0,0,0,0,1,0,0,0,0,1,0,0,0,1,0,0,1,0,0,1,1,1,0,0,0,0,0,1,1,0,1,0,1,0,1,0,1,0,1,0,1,0,0,0,0,0,0,0,0,1,0,0,0,0,0,0,0,0,1,0,0,12,4,79,40,HIGH,NORTH,0,0,0,0,0,1,0,0,0,Dalmore,4.17,57.7
Dalwhinnie,Dalwhinnie,0,0,0,0,0,1,0,0,0,0,0,0,0,0,1,1,0,0,0,1,0,0,1,0,0,0,0,0,0,0,0,0,1,1,0,0,0,0,0,1,0,1,1,1,1,0,0,0,1,0,0,0,0,0,0,0,0,0,0,0,0,0,0,0,0,0,1,0,15,3,76,43,HIGH,SPEY,0,0,1,0,0,0,0,0,0,Dalwhinnie,4.23,56.93
Deanston,Deanston,0,0,0,1,0,0,0,0,0,0,0,0,0,0,0,0,1,0,1,1,0,0,0,0,0,0,0,0,0,0,1,1,0,0,0,0,0,0,0,0,0,1,0,0,1,0,0,0,0,0,1,0,0,1,0,0,0,0,0,0,0,0,0,0,0,0,0,0,-9,2,69,40,HIGH,MIDLAND,0,1,0,0,0,0,0,0,0,Deanston,4.04,56.28
Dufftown,Dufftown,0,0,0,0,0,0,0,1,0,0,0,0,0,0,1,1,1,0,0,1,0,0,0,0,0,1,0,1,0,1,0,1,1,1,0,1,0,0,0,0,0,0,0,1,1,0,1,0,0,0,0,0,0,0,0,0,0,0,0,0,0,1,0,0,1,0,0,0,10,3,71,40,HIGH,SPEY,0,0,1,0,0,0,0,0,0,Dufftown,3.13,57.44
Edradour,Edradour,0,0,0,0,0,1,0,0,0,0,0,0,0,0,0,1,1,0,0,0,1,0,0,1,1,0,0,0,0,0,0,1,0,0,0,0,0,0,0,0,1,0,0,0,1,1,1,0,0,0,0,1,0,0,0,0,0,0,0,0,0,0,0,0,0,0,0,0,10,4,81,40,HIGH,MIDLAND,0,1,0,0,0,0,0,0,0,Edradour,3.72,56.71
Fettercairn,Fettercair,0,0,0,1,0,0,0,0,0,0,0,0,0,0,1,0,1,1,0,0,1,0,0,0,0,0,0,0,0,0,1,1,0,0,0,1,0,0,0,0,0,1,1,0,0,0,0,0,0,0,0,1,0,1,0,0,0,0,0,0,0,0,0,0,1,0,0,0,8,3,71,40,HIGH,EAST,0,0,0,1,0,0,0,0,0,Fettercairn,2.59,56.86
Glen  Albyn,Glen  Alby,0,0,0,0,0,0,0,0,0,0,1,0,0,0,0,1,0,1,0,1,0,0,0,1,0,0,0,1,0,1,0,1,0,0,0,0,0,0,1,0,0,0,0,1,1,0,0,0,0,0,0,0,0,0,0,0,0,0,0,0,0,0,0,0,1,0,0,0,-9,2,67,40,HIGH,SPEY,0,0,1,0,0,0,0,0,0,Glen Albyn,4.24,57.47
Glenallachie,Glenallach,0,0,1,0,0,0,0,0,0,0,0,0,0,0,1,0,1,0,0,0,0,0,0,0,0,0,0,0,0,0,0,1,1,0,0,0,0,0,0,1,1,0,0,0,0,0,0,0,0,0,0,0,0,0,0,0,0,1,0,1,0,0,0,0,0,1,0,0,12,3,76,40,HIGH,SPEY,0,0,1,0,0,0,0,0,0,Glenallachie,3.22,57.45
Glenburgie,Glenburgie,0,0,0,0,0,1,0,0,0,0,0,0,0,0,0,0,0,0,0,1,1,1,0,0,0,0,0,0,0,0,1,1,0,1,0,0,1,0,0,0,0,0,0,0,1,1,0,0,0,0,0,1,0,0,0,0,0,0,0,0,0,0,0,0,0,1,0,0,-9,2,68,40,HIGH,SPEY,0,0,1,0,0,0,0,0,0,Glenburgie,3.49,57.63
Glencadam,Glencadam,0,0,0,0,0,0,0,1,0,0,0,0,0,0,0,1,0,0,0,0,1,0,0,0,0,0,0,0,1,0,0,0,0,0,0,0,0,0,0,0,0,0,0,0,1,0,0,1,0,0,0,1,0,0,0,0,0,0,0,0,0,0,0,0,0,0,0,0,-9,2,68,40,HIGH,EAST,0,0,0,1,0,0,0,0,0,Glencadam,2.74,56.7
Glen Deveron,Glen Dever,0,0,0,0,0,1,0,0,0,0,0,0,0,0,1,0,1,0,1,0,0,0,0,1,0,0,0,1,0,0,1,1,0,0,1,0,0,0,0,0,1,0,0,0,1,0,0,0,0,0,1,1,0,0,0,0,0,0,0,1,0,0,0,0,0,0,0,1,12,3,75,40,HIGH,SPEY,0,0,1,0,0,0,0,0,0,Glen Deveron,2.47,57.66
Glendronach,Glendronac,0,0,0,0,0,1,0,0,0,0,0,0,0,0,0,0,1,0,0,1,0,0,0,1,0,0,0,1,1,0,1,0,0,1,0,1,0,0,0,0,0,0,0,0,1,0,0,0,0,0,0,0,0,0,0,1,1,1,0,0,0,0,0,0,0,0,0,0,12,3,75,43,HIGH,SPEY,0,0,1,0,0,0,0,0,0,Glendronach,2.67,57.45
Glendullan,Glendullan,0,0,0,0,0,0,0,0,0,0,1,0,0,0,1,0,1,0,0,0,1,0,0,1,0,0,0,1,1,0,1,0,1,0,0,1,0,1,0,0,0,1,0,0,1,0,0,0,1,0,0,1,0,0,0,0,0,0,0,0,0,0,0,0,0,1,0,0,12,3,75,43,HIGH,SPEY,0,0,1,0,0,0,0,0,0,Glendullan,3.11,57.45
Glen Elgin,Glen Elgin,0,0,0,0,0,0,0,1,0,0,0,0,0,0,0,1,0,0,0,0,1,0,0,0,0,0,1,1,0,0,0,1,0,0,0,0,0,0,0,0,1,1,0,0,1,0,0,0,0,0,0,0,0,1,0,1,0,0,1,0,0,0,0,0,0,0,0,0,12,3,75,43,HIGH,SPEY,0,0,1,0,0,0,0,0,0,Glen Elgin,3.24,57.55
Glenesk,Glenesk,0,0,0,0,0,1,0,0,0,0,0,0,0,0,1,0,1,0,0,1,0,0,0,0,0,0,1,1,0,0,1,1,0,0,0,1,0,0,0,1,0,0,0,0,1,0,0,0,0,0,1,0,0,0,0,1,0,0,0,1,0,0,0,0,0,0,0,0,12,3,66,40,HIGH,EAST,0,0,0,1,0,0,0,0,0,Glenesk,2.67,56.73
Glenfarclas,Glenfarcla,0,0,0,0,0,0,0,0,1,0,0,0,0,0,0,1,1,0,0,0,0,0,0,1,0,0,0,0,0,0,0,0,1,0,0,1,0,0,0,0,0,0,0,0,0,0,0,0,0,0,0,0,0,0,0,0,0,0,0,1,0,0,0,0,0,1,0,0,10,4,86,40,HIGH,SPEY,0,0,1,0,0,0,0,0,0,Glenfarclas,3.3,57.43
Glenfiddich,Glenfiddic,1,0,0,0,0,0,0,0,0,0,0,0,0,0,1,0,1,1,1,0,1,0,0,0,0,0,0,0,0,0,1,1,1,0,0,1,0,0,0,0,0,1,0,1,1,0,0,0,0,0,1,0,0,0,0,0,0,0,1,0,0,0,0,0,0,0,0,0,-9,3,75,40,HIGH,SPEY,0,0,1,0,0,0,0,0,0,Glenfiddich,3.11,57.45
Glen Garioch,Glen Gario,0,0,0,0,0,0,0,1,0,0,0,0,0,0,1,1,0,0,0,0,0,0,0,0,0,0,0,1,0,0,0,0,1,0,0,0,0,0,0,0,0,1,0,1,1,0,0,0,0,0,1,1,0,0,0,0,0,0,1,0,0,0,0,0,0,0,0,1,10,4,77,43,HIGH,EAST,0,0,0,1,0,0,0,0,0,Glen Garioch,2.29,57.34
Glenglassaugh,Glenglassa,0,0,0,0,0,1,0,0,0,0,0,0,0,0,0,0,0,0,1,0,0,1,0,0,0,0,0,0,0,0,1,1,1,0,0,0,0,0,0,0,0,0,1,0,1,0,0,0,0,0,1,0,0,0,0,0,0,0,0,0,0,0,0,0,0,0,0,0,-9,3,76,40,HIGH,SPEY,0,0,1,0,0,0,0,0,0,Glenglassaugh,2.68,57.68
Glengoyne,Glengoyne,0,0,0,0,0,0,0,1,0,0,0,0,0,0,0,1,0,0,1,0,1,0,0,1,0,0,0,1,0,1,1,1,0,0,0,0,0,0,0,0,1,0,0,0,1,0,0,0,0,0,1,0,0,0,0,1,0,0,0,1,0,0,0,0,0,0,0,0,10,3,74,40,HIGH,WEST,0,0,0,0,1,0,0,0,0,Glengoyne,4.12,56.07
Glen Grant,Glen Grant,0,0,0,0,0,0,0,1,0,0,0,0,0,0,0,0,1,0,0,1,0,0,0,0,0,0,0,1,0,0,0,1,0,0,0,1,0,0,1,0,0,1,0,0,1,0,0,0,0,0,1,0,0,0,0,0,0,1,0,0,0,0,0,0,0,0,0,0,10,4,76,43,HIGH,SPEY,0,0,1,0,0,0,0,0,0,Glen Grant,3.24,57.54
Glen Keith,Glen Keith,0,0,0,0,0,0,0,0,1,0,0,0,0,0,0,1,0,1,0,1,0,1,0,0,0,0,0,1,1,0,0,0,0,0,0,1,1,0,0,0,0,0,0,1,1,0,0,0,0,0,1,1,0,0,0,0,0,0,0,0,0,0,0,0,0,1,0,0,-9,2,64,40,HIGH,SPEY,0,0,1,0,0,0,0,0,0,Glen Keith,2.95,57.52
Glenkinchie,Glenkinchi,0,0,0,0,0,1,0,0,0,0,0,0,0,0,1,1,1,0,0,0,0,1,0,0,0,0,0,1,0,0,0,1,0,1,1,0,0,0,0,1,1,0,1,0,1,0,0,0,0,0,1,1,0,0,0,0,0,0,0,0,1,0,0,0,0,0,0,0,10,4,76,43,LOW,EAST,0,0,0,0,0,0,1,0,0,Glenkinchie,2.95,55.94
Glenlivet,Glenlivet,0,0,0,0,1,0,0,0,0,0,0,0,0,0,0,0,0,0,0,0,0,1,0,1,0,0,0,1,0,0,1,1,1,0,0,1,0,0,0,0,0,1,0,0,1,1,0,0,1,0,0,1,0,0,0,0,0,0,0,0,0,0,0,0,0,1,0,0,12,5,85,40,HIGH,SPEY,0,0,1,0,0,0,0,0,0,Glenlivet,3.33,57.36
Glenlochy,Glenlochy,0,0,0,0,0,0,0,1,0,0,0,0,0,0,0,1,0,1,0,1,0,0,0,0,0,0,0,1,0,0,0,1,1,1,0,1,0,0,1,0,0,0,0,1,0,0,1,0,0,0,0,0,1,0,0,0,0,0,1,0,0,0,0,0,0,0,0,1,-9,2,70,40,HIGH,WEST,0,0,0,0,1,0,0,0,0,Glenlochy,5.12,56.86
Glenlossie,Glenlossie,0,0,0,0,0,0,0,1,0,0,0,0,0,0,0,0,1,0,1,1,1,0,0,1,0,0,0,1,0,1,1,1,0,0,0,1,0,0,0,0,1,1,0,0,1,0,0,0,0,0,0,1,0,0,0,0,0,0,0,0,0,0,0,1,0,1,0,0,-9,3,76,40,HIGH,SPEY,0,0,1,0,0,0,0,0,0,Glenlossie,3.29,57.56
Glen Mhor,Glen Mhor,0,0,0,0,0,1,0,0,0,0,0,0,0,0,1,0,1,0,0,0,0,0,0,0,0,0,1,0,0,0,0,1,0,0,0,1,0,0,0,0,0,1,0,1,1,0,0,0,0,0,0,0,0,1,0,0,0,0,0,0,0,0,0,1,0,0,0,0,8,2,64,40,HIGH,SPEY,0,0,1,0,0,0,0,0,0,Glen Mhor,4.26,57.39
Glenmorangie,Glenmorang,0,0,0,0,1,0,0,0,0,0,0,0,0,0,0,0,1,0,1,0,0,1,1,0,1,0,0,1,0,0,0,1,0,1,0,0,0,0,0,0,0,0,1,0,1,1,0,0,0,1,0,0,0,0,0,0,0,0,0,0,0,0,0,0,0,1,0,0,10,4,80,40,HIGH,NORTH,0,0,0,0,0,1,0,0,0,Glenmorangie,4.02,57.81
Glen Moray,Glen Moray,0,0,0,0,1,0,0,0,0,0,0,0,0,0,0,0,0,0,1,0,0,1,0,0,0,1,0,0,0,0,1,1,1,0,0,0,0,0,0,0,0,0,1,0,0,0,0,0,0,0,1,0,0,0,0,0,0,1,0,0,0,0,0,0,0,0,0,0,12,3,75,40,HIGH,SPEY,0,0,1,0,0,0,0,0,0,Glen Moray,3.32,57.64
Glen Ordie,Glen Ordie,0,0,0,0,0,0,0,1,0,0,0,0,0,0,0,1,1,0,0,1,0,0,0,0,0,1,0,1,1,0,1,0,0,0,1,1,0,0,0,0,1,0,0,0,1,0,0,0,0,0,1,0,0,0,1,0,0,0,0,0,1,0,0,0,0,0,0,0,12,3,75,40,HIGH,NORTH,0,0,0,0,0,1,0,0,0,Glen Ordie,4.45,57.52
Glenrothes,Glenrothes,0,0,0,0,0,0,0,1,0,0,0,0,0,0,1,0,0,0,0,0,1,0,0,0,0,1,0,1,1,0,1,0,0,0,1,1,0,0,0,1,0,1,0,0,1,0,0,0,0,0,1,0,0,0,1,0,0,0,0,0,0,0,0,0,0,0,0,0,8,4,80,40,HIGH,SPEY,0,0,1,0,0,0,0,0,0,Glenrothes,3.22,57.51
Glen Scotia,Glen Scoti,0,0,0,0,0,0,0,1,0,0,0,0,0,0,1,0,0,0,1,0,0,0,1,0,0,0,0,1,0,1,1,1,0,0,0,0,0,0,0,0,0,0,0,0,0,0,0,1,0,0,0,0,1,0,0,0,0,0,0,0,0,0,0,0,0,1,0,0,8,4,85,40,LOW,CAMPBEL,0,0,0,0,0,0,0,1,0,Glen Scotia,5.6,55.41
Glen Spey,Glen Spey,0,0,0,0,0,1,0,0,0,0,0,0,0,0,1,0,0,1,0,0,0,0,0,0,0,0,0,1,0,0,0,1,0,0,0,0,0,0,0,0,0,1,1,1,0,0,0,0,1,0,1,0,0,1,0,0,0,0,0,0,0,0,0,0,0,0,0,0,8,3,73,40,HIGH,SPEY,0,0,1,0,0,0,0,0,0,Glen Spey,3.19,57.51
Glentauchers,Glentauche,1,0,0,0,0,0,0,0,0,0,0,0,0,0,0,0,1,1,0,1,1,0,1,0,1,0,0,0,0,0,1,1,0,0,0,1,0,1,1,0,0,0,0,0,1,0,0,0,0,0,1,1,0,0,0,0,0,0,0,0,0,0,0,0,0,1,0,0,17,2,71,46,HIGH,SPEY,0,0,1,0,0,0,0,0,0,Glentauchers,2.95,57.33
Glenturret,Glenturret,1,0,0,0,0,0,0,0,0,0,0,0,0,0,1,0,1,0,0,0,0,0,0,0,0,0,1,0,0,0,0,0,1,0,0,0,0,1,0,0,0,0,0,1,0,0,0,0,0,0,0,0,0,0,0,0,1,0,0,0,0,0,0,0,0,1,0,0,10,4,77,57.1,HIGH,MIDLAND,0,1,0,0,0,0,0,0,0,Glenturret,3.84,56.38
Glenugie,Glenugie,0,0,0,0,0,0,0,1,0,0,0,0,0,0,0,1,0,0,0,0,1,0,1,1,0,0,1,1,0,0,1,0,0,1,0,0,1,1,0,0,0,0,0,0,1,1,0,0,0,0,1,0,0,0,0,0,0,0,0,0,0,0,0,0,0,0,0,0,-9,2,70,54.8,HIGH,EAST,0,0,0,1,0,0,0,0,0,Glenugie,1.8,57.49
Glenury Royal,Glenury Ro,0,0,0,0,0,0,0,0,1,0,0,0,0,0,1,1,0,0,0,1,0,0,0,0,0,0,0,1,0,0,0,1,1,0,0,1,0,0,0,0,0,0,0,1,1,0,0,0,0,0,0,0,0,0,0,0,1,0,1,1,0,0,0,0,0,0,1,0,12,3,76,40,HIGH,EAST,0,0,0,1,0,0,0,0,0,Glenury Royal,2.22,56.97
Highland Park,Highland P,0,0,0,0,0,0,0,0,0,0,1,0,0,0,0,1,1,0,0,0,1,0,0,1,0,0,0,1,0,0,1,0,0,0,0,1,0,0,0,0,0,0,0,1,1,0,0,0,0,0,0,0,0,0,0,0,1,0,0,0,0,0,0,0,0,0,0,0,12,5,90,40,HIGH,ORKNEY,0,0,0,0,0,0,0,0,1,Highland Park,2.96,58.98
Imperial,Imperial,0,0,0,0,0,0,0,1,0,0,0,0,0,0,1,1,0,0,0,0,0,0,0,1,0,0,1,1,1,0,0,0,0,0,1,0,0,0,0,0,0,0,0,1,1,1,0,0,0,0,0,0,0,0,1,0,0,0,1,0,0,0,0,0,0,0,0,0,-9,3,76,40,HIGH,SPEY,0,0,1,0,0,0,0,0,0,Imperial,3.3,57.45
Inchgower,Inchgower,0,0,0,0,0,1,0,0,0,0,0,0,0,0,1,1,1,0,0,1,0,0,1,0,0,1,0,1,0,0,1,0,0,0,0,0,0,0,0,0,0,0,0,0,1,0,0,1,0,0,0,0,0,0,0,0,0,0,0,0,0,0,1,0,0,1,0,0,12,3,75,40,HIGH,SPEY,0,0,1,0,0,0,0,0,0,Inchgower,2.98,57.67
Inchmurrin,Inchmurrin,0,0,0,0,0,0,0,1,0,0,0,0,0,0,1,0,0,0,0,1,0,1,0,0,0,0,0,0,0,1,0,1,0,1,0,1,0,0,0,0,0,0,0,0,1,1,0,0,0,0,0,0,0,1,0,0,0,0,0,0,1,0,0,0,0,0,0,0,12,2,65,40,HIGH,WEST,0,0,0,0,1,0,0,0,0,Inchmurrin,4.59,55.99
Inverleven,Inverleven,0,0,0,0,0,1,0,0,0,0,0,0,0,0,1,1,0,0,0,1,1,1,0,0,0,0,0,0,1,1,0,1,0,0,0,0,0,0,0,0,0,0,0,0,0,1,0,0,0,0,0,0,1,0,0,0,1,0,0,0,0,0,0,0,0,0,0,0,17,2,67,46,LOW,WEST,0,0,0,0,0,0,1,0,0,Inverleven,4.61,55.95
Jura,Jura,0,0,0,0,0,1,0,0,0,0,0,0,0,0,0,1,1,1,0,1,0,0,0,1,0,0,1,0,0,0,0,1,0,0,0,1,0,0,0,0,0,0,0,0,1,0,0,1,0,0,0,0,0,0,0,0,0,0,0,1,0,0,1,0,0,0,0,0,10,3,71,40,HIGH,JURA,0,0,0,0,0,0,0,0,1,Jura,5.94,55.84
Kinclaith,Kinclaith,0,0,0,0,0,0,0,0,1,0,0,0,0,0,0,1,0,0,0,0,0,0,1,0,0,0,1,0,0,0,0,1,0,0,0,0,0,0,1,0,0,1,0,0,0,1,0,0,0,0,0,0,0,0,1,0,1,0,0,0,0,0,0,0,0,0,0,0,-9,2,69,40,LOW,WEST,0,0,0,0,0,0,1,0,0,Kinclaith,4.39,55.8
Knockando,Knockando,0,0,0,0,1,0,0,0,0,0,0,0,0,0,1,1,0,0,0,1,0,0,0,0,0,0,0,0,0,0,1,1,0,0,0,0,0,0,0,1,0,1,1,0,1,1,0,1,0,0,0,0,0,1,1,1,0,1,1,1,0,0,0,0,0,0,0,0,-9,3,76,43,HIGH,SPEY,0,0,1,0,0,0,0,0,0,Knockando,3.33,57.45
Knockdhu,Knockdhu,0,0,0,0,0,1,0,0,0,0,0,0,0,0,0,1,1,0,0,1,1,0,0,0,0,0,1,1,0,0,0,0,0,1,0,0,0,0,0,0,0,1,0,0,1,0,0,0,0,0,1,0,0,0,0,0,0,0,1,0,0,0,0,1,0,1,0,0,-9,3,73,40,HIGH,SPEY,0,0,1,0,0,0,0,0,0,Knockdhu,2.74,57.56
Ladyburn,Ladyburn,1,0,0,0,0,0,0,0,0,0,0,0,0,0,0,0,0,1,0,1,1,0,0,0,0,0,1,0,0,0,0,1,0,0,0,1,0,0,1,0,0,0,0,0,1,0,0,0,1,0,1,0,1,0,0,0,0,0,0,0,0,0,0,0,0,0,0,0,20,2,57,46,LOW,WEST,0,0,0,0,0,0,1,0,0,Ladyburn,4.96,55.125
Lagavulin,Lagavulin,0,0,0,0,0,0,0,0,0,1,0,0,0,0,0,1,0,0,0,1,0,0,1,1,0,0,0,0,1,1,0,0,0,1,0,1,0,0,0,0,0,0,0,1,0,0,0,1,0,0,1,0,1,0,0,0,0,0,1,0,0,0,1,0,0,0,0,0,12,5,89,43,ISLAY,SOUTH,1,0,0,0,0,0,0,0,0,Lagavulin,6.1,55.63
Laphroaig,Laphroaig,0,0,0,0,0,0,0,1,0,0,0,0,0,0,0,0,0,0,0,0,0,0,1,1,0,0,0,1,0,0,0,0,0,1,0,0,0,0,0,0,0,0,0,0,0,0,1,1,0,1,1,0,0,0,0,0,0,0,0,0,0,0,0,0,0,0,0,0,10,4,86,43,ISLAY,SOUTH,1,0,0,0,0,0,0,0,0,Laphroaig,6.12,55.63
Linkwood,Linkwood,0,0,0,0,0,0,0,1,0,0,0,0,0,0,0,0,1,1,0,0,0,0,0,1,0,1,0,1,0,1,0,0,0,0,0,1,0,0,1,0,0,0,0,1,1,0,0,0,0,0,1,0,0,0,1,0,0,0,0,0,0,0,0,0,0,0,0,0,12,4,83,40,HIGH,SPEY,0,0,1,0,0,0,0,0,0,Linkwood,3.24,57.61
Littlemill,Littlemill,1,0,0,0,0,0,0,0,0,0,0,0,0,0,0,1,1,0,0,0,0,0,0,0,0,0,1,1,0,0,0,1,0,0,0,0,0,0,0,0,0,0,0,0,1,0,0,0,0,0,1,0,0,0,1,0,1,0,0,0,0,0,0,0,0,0,0,0,8,4,83,43,LOW,NORTHWEST,0,0,0,0,0,0,1,0,0,Littlemill,4.55,55.94
Lochnagar,Lochnagar,0,0,0,0,0,0,0,1,0,0,0,0,0,0,0,1,0,0,0,0,0,0,0,0,0,0,0,1,1,0,1,0,0,0,0,0,0,0,1,0,0,1,0,1,1,0,0,0,0,0,1,0,0,0,0,0,0,0,1,1,0,0,0,0,0,0,0,0,12,4,80,43,HIGH,EAST,0,0,0,1,0,0,0,0,0,Lochnagar,3.2,57.04
Lochside,Lochside,0,0,0,0,0,0,0,0,0,0,1,0,0,0,0,0,0,0,0,0,1,0,0,1,0,1,1,1,0,0,1,0,0,0,0,1,1,0,0,0,0,0,0,0,0,0,0,0,0,0,0,0,1,0,0,0,0,0,0,0,0,0,0,0,0,1,0,0,-9,3,71,40,HIGH,EAST,0,0,0,1,0,0,0,0,0,Lochside,2.51,56.74
Longmorn,Longmorn,0,0,0,0,0,0,0,1,0,0,0,0,0,0,0,0,0,0,0,0,0,1,0,0,0,1,0,0,0,0,1,0,1,0,0,0,0,0,0,0,1,1,1,0,1,0,0,0,0,0,0,0,0,0,1,1,0,0,0,0,0,0,0,0,0,0,0,0,12,4,85,40,HIGH,SPEY,0,0,1,0,0,0,0,0,0,Longmorn,3.24,57.56
Macallan,Macallan,0,0,0,0,0,0,0,0,0,0,1,0,0,0,0,0,1,0,0,0,1,0,0,1,0,1,0,0,1,0,0,0,0,0,0,0,1,0,0,0,0,0,0,0,1,0,0,0,0,0,1,0,0,0,0,0,0,0,1,1,1,0,0,0,0,0,0,0,10,5,87,40,HIGH,SPEY,0,0,1,0,0,0,0,0,0,Macallan,3.21,57.5
Millburn,Millburn,0,0,0,0,0,0,0,0,0,0,0,0,1,0,1,0,0,0,0,0,0,0,0,1,0,1,0,0,1,0,1,0,0,0,0,0,1,0,0,0,0,0,0,1,1,0,0,0,0,0,0,1,0,0,0,0,0,0,1,0,0,0,0,0,0,1,0,0,-9,3,76,40,HIGH,SPEY,0,0,1,0,0,0,0,0,0,Millburn,4.14,57.43
Miltonduff,Miltonduff,0,0,0,0,1,0,0,0,0,0,0,0,0,0,1,1,0,0,0,1,0,1,0,0,0,0,0,1,0,0,1,0,1,0,0,0,0,0,0,0,1,0,0,0,1,0,0,0,1,0,1,0,0,0,0,0,0,0,0,1,0,0,0,1,0,0,0,0,12,3,76,43,HIGH,SPEY,0,0,1,0,0,0,0,0,0,Miltonduff,3.37,57.66
Mortlach,Mortlach,0,0,0,0,0,0,0,0,0,1,0,0,0,0,0,1,1,0,0,0,0,0,0,0,0,1,0,1,1,0,0,0,0,0,1,0,0,0,0,0,0,1,0,1,1,0,0,0,0,0,1,0,0,0,0,0,0,0,0,0,0,0,0,0,0,1,0,0,12,4,81,40,HIGH,SPEY,0,0,1,0,0,0,0,0,0,Mortlach,3.11,57.44
North Port,North Port,0,0,0,0,0,0,0,1,0,0,0,0,0,0,0,1,0,0,0,1,0,0,0,1,0,0,0,1,0,0,0,1,0,0,1,1,0,0,0,0,0,0,0,1,1,0,0,0,0,0,1,0,0,0,0,0,0,0,0,0,0,0,0,0,0,0,0,0,-9,2,64,40,HIGH,EAST,0,0,0,1,0,0,0,0,0,North Port,2.47,56.71
Oban,Oban,0,0,0,0,0,0,0,0,0,0,1,0,0,0,0,1,1,0,1,0,0,0,1,0,0,0,0,1,1,0,1,0,1,0,0,1,0,0,0,1,0,1,0,1,1,0,0,0,0,0,0,1,0,0,0,0,0,0,0,1,1,0,0,0,0,0,0,0,12,4,76,43,HIGH,WEST,0,0,0,1,0,0,0,0,0,Oban,5.47,56.77
Port Ellen,Port Ellen,0,0,0,0,0,0,0,0,0,0,1,0,0,0,1,1,1,0,0,0,0,1,1,0,1,0,0,1,0,0,1,0,0,0,0,1,0,0,0,0,0,0,0,0,1,1,0,0,1,0,0,0,1,0,0,0,0,0,0,0,1,1,0,0,0,1,0,0,-9,4,79,40,ISLAY,SOUTH,0,0,0,0,1,0,0,0,0,Port Ellen,6.18,55.63
Pulteney,Pulteney,0,0,0,0,0,0,0,0,0,0,1,0,0,0,0,0,0,0,1,1,0,0,1,0,0,0,0,0,0,0,0,1,1,0,0,0,0,0,0,1,0,0,0,0,1,1,0,1,0,0,0,1,0,0,0,0,0,0,0,0,0,0,1,0,0,1,0,0,8,3,77,40,HIGH,NORTH,0,0,0,0,0,1,0,0,0,Pulteney,3.11,58.43
Rosebank,Rosebank,0,0,0,0,0,0,0,0,0,0,1,0,0,0,1,0,0,0,0,1,0,1,0,1,0,0,0,0,0,0,1,1,0,0,0,1,0,0,0,0,0,1,1,0,0,0,0,0,0,0,1,0,0,0,0,0,0,0,0,0,0,0,0,0,0,0,0,0,8,4,76,40,LOW,CENTRAL,0,0,0,0,0,0,1,0,0,Rosebank,3.8,56
Saint Magdalene,Saint Magd,0,0,0,0,0,0,0,0,0,0,0,0,1,0,0,1,0,0,0,1,0,0,0,1,0,0,0,1,0,0,1,1,0,0,0,0,0,0,0,0,0,0,1,1,1,0,0,0,0,0,1,0,0,0,0,0,0,1,0,0,0,0,0,0,0,0,0,0,18,2,67,40,LOW,CENTRAL,0,0,0,0,0,0,1,0,0,Saint Magdalene,3.61,55.97
Scapa,Scapa,0,0,0,0,0,0,0,0,0,0,1,0,0,0,0,0,0,0,1,0,1,1,1,0,0,0,0,1,0,0,0,0,0,0,0,0,0,0,0,0,0,0,0,0,0,0,0,1,0,0,1,0,0,0,0,0,0,0,0,0,0,1,0,0,0,0,0,0,8,3,76,40,HIGH,ORKNEY,0,0,0,0,0,0,0,0,1,Scapa,2.96,58.95
Singleton,Singleton,0,0,0,0,0,0,0,0,0,0,0,1,0,0,0,0,0,0,0,0,0,0,0,1,0,0,0,1,0,0,1,0,0,0,0,0,1,0,0,0,0,1,0,0,0,1,0,0,0,0,0,0,0,0,0,0,0,0,1,0,0,0,0,0,0,0,0,0,-9,4,79,40,HIGH,SPEY,0,0,1,0,0,0,0,0,0,Singleton,3.06,57.55
Speyburn,Speyburn,0,0,0,0,0,0,0,0,1,0,0,0,0,0,0,0,0,0,0,1,1,0,0,1,0,0,0,0,0,0,1,0,0,0,0,1,0,0,0,0,0,1,0,0,1,0,0,0,0,0,0,0,0,0,1,0,0,0,0,1,0,0,0,0,0,0,0,1,-9,3,71,40,HIGH,SPEY,0,0,1,0,0,0,0,0,0,Speyburn,3.17,57.54
Springbank,Springbank,0,0,0,0,0,1,0,0,0,0,0,0,0,0,0,0,1,0,1,0,0,0,1,0,0,1,0,1,0,1,1,1,0,0,0,0,0,0,1,0,0,0,0,0,1,0,0,1,0,0,0,1,0,0,0,0,0,0,1,1,0,0,1,0,0,0,1,0,15,5,88,46,LOW,CAMPBEL,0,0,0,0,0,0,0,1,0,Springbank,5.6,55.41
Springbank-Longrow,Longrow,0,0,0,0,0,1,0,0,0,0,0,0,0,0,0,1,0,0,0,0,0,1,1,0,0,0,0,1,0,0,0,0,0,1,0,1,0,0,0,0,0,0,0,1,0,0,0,0,0,0,0,0,1,0,0,0,0,0,0,0,0,0,1,0,1,0,0,0,14,5,90,46,LOW,CAMPBEL,0,0,0,0,0,0,0,1,0,Springbank-Longrow,5.6,55.41
Strathisla,Strathisla,0,0,0,0,0,0,0,0,0,0,1,0,0,0,0,0,0,0,0,1,0,0,0,1,0,1,0,1,0,0,0,0,1,0,0,1,1,0,0,0,0,0,1,0,1,0,0,0,0,0,1,0,1,0,0,0,0,0,0,0,0,0,0,0,1,0,0,0,8,3,79,40,HIGH,SPEY,0,0,1,0,0,0,0,0,0,Strathisla,2.96,57.56
Talisker,Talisker,0,0,0,0,0,0,0,0,0,0,0,0,1,0,0,1,1,0,0,0,0,0,1,0,0,1,0,0,1,0,0,0,0,1,0,0,0,1,0,0,0,0,0,1,1,1,0,0,0,0,0,0,1,0,0,0,0,0,0,0,1,0,0,0,0,1,0,0,10,4,90,45.8,HIGH,SKYE,0,0,0,0,0,0,0,0,1,Talisker,6.35,57.29
Tamdhu,Tamdhu,0,0,0,0,0,0,0,0,0,1,0,0,0,0,0,1,1,1,0,0,0,0,0,1,0,0,0,1,0,1,0,1,0,0,0,0,0,0,0,0,0,0,0,0,1,0,0,0,1,1,0,0,0,0,0,0,0,0,0,0,0,0,0,0,0,0,0,0,10,3,75,40,HIGH,SPEY,0,0,1,0,0,0,0,0,0,Tamdhu,3.34,57.46
Tamnavulin,Tamnavulin,1,0,0,0,0,0,0,0,0,0,0,0,0,0,0,1,0,0,0,0,0,1,0,0,0,0,0,0,0,0,1,1,0,0,0,0,0,0,0,0,0,1,1,0,0,0,0,0,0,0,0,0,0,0,0,0,0,0,0,0,0,0,0,1,0,0,0,0,10,3,76,43,HIGH,SPEY,0,0,1,0,0,0,0,0,0,Tamnavulin,3.32,57.31
Teaninich,Teaninich,0,0,0,0,0,0,0,0,0,1,0,0,0,0,1,1,0,0,0,1,0,0,0,0,0,0,1,1,0,0,0,0,0,0,1,1,0,0,0,0,0,0,0,1,1,1,0,0,0,0,1,0,0,0,0,0,0,0,1,0,0,0,0,0,0,0,0,0,-9,3,71,40,HIGH,NORTH,0,0,0,0,0,1,0,0,0,Teaninich,4.28,57.68
Tobermory,Tobermory,0,0,0,0,0,0,0,1,0,0,0,0,0,0,0,1,1,1,0,0,0,0,0,0,0,0,1,1,0,0,0,0,0,0,0,1,0,0,0,0,0,1,0,1,0,0,0,0,0,0,0,0,0,1,0,0,0,0,0,1,0,0,0,1,0,0,0,0,-9,2,67,40,HIGH,MULL,0,0,0,0,0,0,0,0,1,Tobermory,6.08,56.61
Tomatin,Tomatin,0,0,0,0,0,0,0,1,0,0,0,0,0,0,1,1,1,0,1,1,0,0,0,0,0,0,1,1,0,0,1,0,0,0,0,1,0,0,0,0,0,0,0,0,1,1,0,0,0,0,0,0,0,0,0,0,0,0,0,0,0,1,0,0,0,0,0,0,10,3,75,40,HIGH,SPEY,0,0,1,0,0,0,0,0,0,Tomatin,3.99,57.33
Tomintoul,Tomintoul,0,0,0,0,0,0,0,1,0,0,0,0,0,0,1,0,0,0,0,0,0,1,0,0,0,0,1,0,0,0,1,1,0,0,0,0,0,0,0,0,0,0,1,0,1,0,0,0,0,0,0,0,0,0,0,0,0,0,0,0,0,0,0,0,0,1,0,0,12,3,76,40,HIGH,SPEY,0,0,1,0,0,0,0,0,0,Tomintoul,3.38,57.25
Tormore,Tormore,0,0,0,0,0,0,0,1,0,0,0,0,0,0,0,1,0,0,0,1,1,0,0,0,0,0,0,1,1,0,1,0,0,0,1,0,0,0,0,1,0,0,0,0,0,0,0,0,0,1,0,0,0,0,1,0,0,0,0,0,0,0,0,0,0,0,1,0,10,3,76,43,HIGH,SPEY,0,0,1,0,0,0,0,0,0,Tormore,3.41,57.38
Tullibardine,Tullibardi,0,0,0,0,0,1,0,0,0,0,0,0,0,0,0,0,1,0,0,0,0,0,0,0,0,0,0,1,0,0,1,0,1,0,1,0,0,0,0,0,1,1,1,0,1,0,0,0,0,0,0,0,1,0,0,0,0,0,0,1,0,0,0,1,0,0,0,0,10,3,76,40,HIGH,MIDLAND,0,1,0,0,0,0,0,0,0,Tullibardine,3.78,56.25
